match_id,banning_team_id,banned_hero
260605_O2_ROZE_S1,O2,D.Va
260605_O2_ROZE_S1,ROZE,Jetpack Cat
260605_O2_ROZE_S2,O2,Symmetra
260605_O2_ROZE_S2,ROZE,Domina
260605_O2_ROZE_S3,O2,Lucio
260605_O2_ROZE_S3,ROZE,Pharah
260605_FLC_CR_S1,FLC,Mei
260605_FLC_CR_S1,CR,Reinhardt
260605_FLC_CR_S2,FLC,Pharah
260605_FLC_CR_S2,CR,Lucio
260605_FLC_CR_S3,FLC,Wrecking Ball
260605_FLC_CR_S3,CR,Bastion
260605_T1_ZETA_S1,T1,Jetpack Cat
260605_T1_ZETA_S1,ZETA,Reinhardt
260605_T1_ZETA_S2,T1,D.Va
260605_T1_ZETA_S2,ZETA,Lucio
260605_T1_ZETA_S3,T1,Cassidy
260605_T1_ZETA_S3,ZETA,Mauga
260605_T1_ZETA_S4,T1,Pharah
260605_T1_ZETA_S4,ZETA,Kiriko
260605_T1_ZETA_S5,T1,Bastion
260605_T1_ZETA_S5,ZETA,Zarya
260606_PF_CB_S1,PF,Bastion
260606_PF_CB_S1,CB,Juno
260606_PF_CB_S2,PF,Jetpack Cat
260606_PF_CB_S2,CB,Pharah
260606_PF_CB_S3,PF,Sigma
260606_PF_CB_S3,CB,Cassidy
260606_T1_SB_S1,T1,Roadhog
260606_T1_SB_S1,SB,Cassidy
260606_T1_SB_S2,T1,Illari
260606_T1_SB_S2,SB,Pharah
260606_T1_SB_S3,T1,Mauga
260606_T1_SB_S3,SB,Mizuki
260606_ROZE_FLC_S1,ROZE,Pharah
260606_ROZE_FLC_S1,FLC,Sigma
260606_ROZE_FLC_S2,ROZE,Bastion
260606_ROZE_FLC_S2,FLC,Mizuki
260606_ROZE_FLC_S3,ROZE,Jetpack Cat
260606_ROZE_FLC_S3,FLC,Bastion
260607_SB_O2_S1,SB,Sojourn
260607_SB_O2_S1,O2,Lucio
260607_SB_O2_S2,SB,Ana
260607_SB_O2_S2,O2,Zarya
260607_SB_O2_S3,SB,Tracer
260607_SB_O2_S3,O2,Reinhardt
260607_ZETA_CB_S1,ZETA,Jetpack Cat
260607_ZETA_CB_S1,CB,Tracer
260607_ZETA_CB_S2,ZETA,Mizuki
260607_ZETA_CB_S2,CB,Cassidy
260607_ZETA_CB_S3,ZETA,Kiriko
260607_ZETA_CB_S3,CB,Symmetra
260607_CR_PF_S1,CR,Wrecking Ball
260607_CR_PF_S1,PF,Mizuki
260607_CR_PF_S2,CR,Reinhardt
260607_CR_PF_S2,PF,Jetpack Cat
260607_CR_PF_S3,CR,Lucio
260607_CR_PF_S3,PF,Bastion
260612_CB_SB_S1,CB,Lucio
260612_CB_SB_S1,SB,Bastion
260612_CB_SB_S2,CB,Reinhardt
260612_CB_SB_S2,SB,Vendetta
260612_CB_SB_S3,CB,Ramattra
260612_CB_SB_S3,SB,Pharah
260612_O2_ZETA_S1,O2,Jetpack Cat
260612_O2_ZETA_S1,ZETA,Anran
260612_O2_ZETA_S2,O2,Zarya
260612_O2_ZETA_S2,ZETA,Tracer
260612_O2_ZETA_S3,O2,D.Va
260612_O2_ZETA_S3,ZETA,Jetpack Cat
260612_CR_ROZE_S1,CR,Lucio
260612_CR_ROZE_S1,ROZE,Sigma
260612_CR_ROZE_S2,CR,Roadhog
260612_CR_ROZE_S2,ROZE,Sojourn
260612_CR_ROZE_S3,CR,Mauga
260612_CR_ROZE_S3,ROZE,Jetpack Cat
260613_PF_FLC_S1,PF,D.Va
260613_PF_FLC_S1,FLC,Ana
260613_PF_FLC_S2,PF,Jetpack Cat
260613_PF_FLC_S2,FLC,Wrecking Ball
260613_PF_FLC_S3,PF,Bastion
260613_PF_FLC_S3,FLC,Kiriko
260613_T1_O2_S1,T1,Bastion
260613_T1_O2_S1,O2,Hazard
260613_T1_O2_S2,T1,Mizuki
260613_T1_O2_S2,O2,Ramattra
260613_T1_O2_S3,T1,Ana
260613_T1_O2_S3,O2,Zarya
260613_SB_ZETA_S1,SB,Ana
260613_SB_ZETA_S1,ZETA,Anran
260613_SB_ZETA_S2,SB,Vendetta
260613_SB_ZETA_S2,ZETA,Sigma
260613_SB_ZETA_S3,SB,Jetpack Cat
260613_SB_ZETA_S3,ZETA,Symmetra
260614_ROZE_PF_S1,ROZE,Genji
260614_ROZE_PF_S1,PF,Jetpack Cat
260614_ROZE_PF_S2,ROZE,Hazard
260614_ROZE_PF_S2,PF,Bastion
260614_ROZE_PF_S3,ROZE,Lucio
260614_ROZE_PF_S3,PF,Pharah
260614_CR_CB_S1,CR,Lucio
260614_CR_CB_S1,CB,Pharah
260614_CR_CB_S2,CR,Zenyatta
260614_CR_CB_S2,CB,Tracer
260614_CR_CB_S3,CR,Wrecking Ball
260614_CR_CB_S3,CB,Cassidy
260614_FLC_T1_S1,FLC,Jetpack Cat
260614_FLC_T1_S1,T1,Vendetta
260614_FLC_T1_S2,FLC,Cassidy
260614_FLC_T1_S2,T1,Mauga
260614_FLC_T1_S3,FLC,Mercy
260614_FLC_T1_S3,T1,Widowmaker
260614_FLC_T1_S4,FLC,D.Va
260614_FLC_T1_S4,T1,Emre
260614_FLC_T1_S5,FLC,Bastion
260614_FLC_T1_S5,T1,Lucio
260619_ROZE_CB_S1,ROZE,Mauga
260619_ROZE_CB_S1,CB,Lucio
260619_ROZE_CB_S2,ROZE,Symmetra
260619_ROZE_CB_S2,CB,Juno
260619_ROZE_CB_S3,ROZE,Hazard
260619_ROZE_CB_S3,CB,Pharah
260619_ROZE_CB_S4,ROZE,Shion
260619_ROZE_CB_S4,CB,Mauga
260619_FLC_O2_S1,FLC,Jetpack Cat
260619_FLC_O2_S1,O2,Mauga
260619_FLC_O2_S2,FLC,Sigma
260619_FLC_O2_S2,O2,Cassidy
260619_FLC_O2_S3,FLC,Ramattra
260619_FLC_O2_S3,O2,Bastion
260619_T1_CR_S1,T1,Wrecking Ball
260619_T1_CR_S1,CR,Zenyatta
260619_T1_CR_S2,T1,Pharah
260619_T1_CR_S2,CR,Wrecking Ball
260619_T1_CR_S3,T1,Mizuki
260619_T1_CR_S3,CR,Hazard
260619_T1_CR_S4,T1,Illari
260619_T1_CR_S4,CR,Vendetta
260620_PF_SB_S1,PF,Jetpack Cat
260620_PF_SB_S1,SB,Ramattra
260620_PF_SB_S2,PF,Mei
260620_PF_SB_S2,SB,Lucio
260620_PF_SB_S3,PF,Sigma
260620_PF_SB_S3,SB,Sojourn
260620_PF_SB_S4,PF,Bastion
260620_PF_SB_S4,SB,Mauga
260620_PF_SB_S5,PF,Pharah
260620_PF_SB_S5,SB,Juno
260620_ZETA_ROZE_S1,ZETA,Cassidy
260620_ZETA_ROZE_S1,ROZE,Jetpack Cat
260620_ZETA_ROZE_S2,ZETA,Ramattra
260620_ZETA_ROZE_S2,ROZE,Vendetta
260620_ZETA_ROZE_S3,ZETA,Juno
260620_ZETA_ROZE_S3,ROZE,Bastion
260620_ZETA_ROZE_S4,ZETA,Kiriko
260620_ZETA_ROZE_S4,ROZE,Winston
260620_ZETA_ROZE_S5,ZETA,Mauga
260620_ZETA_ROZE_S5,ROZE,Ana
260620_CB_T1_S1,CB,Pharah
260620_CB_T1_S1,T1,Mauga
260620_CB_T1_S2,CB,Symmetra
260620_CB_T1_S2,T1,Jetpack Cat
260620_CB_T1_S3,CB,Cassidy
260620_CB_T1_S3,T1,Kiriko
260621_FLC_SB_S1,FLC,Wrecking Ball
260621_FLC_SB_S1,SB,Shion
260621_FLC_SB_S2,FLC,Ramattra
260621_FLC_SB_S2,SB,Symmetra
260621_FLC_SB_S3,FLC,Mizuki
260621_FLC_SB_S3,SB,Bastion
260621_O2_CR_S1,O2,Jetpack Cat
260621_O2_CR_S1,CR,Vendetta
260621_O2_CR_S2,O2,Mizuki
260621_O2_CR_S2,CR,Roadhog
260621_O2_CR_S3,O2,D.Va
260621_O2_CR_S3,CR,Hanzo
260621_O2_CR_S4,O2,Lucio
260621_O2_CR_S4,CR,Wrecking Ball
260621_ZETA_PF_S1,ZETA,Lifeweaver
260621_ZETA_PF_S1,PF,Bastion
260621_ZETA_PF_S2,ZETA,Moira
260621_ZETA_PF_S2,PF,Sigma
260621_ZETA_PF_S3,ZETA,Torbjörn
260621_ZETA_PF_S3,PF,Jetpack Cat
260626_CB_O2_S1,CB,Sojourn
260626_CB_O2_S1,O2,Wuyang
260626_CB_O2_S2,CB,Lucio
260626_CB_O2_S2,O2,D.Va
260626_CB_O2_S3,CB,Pharah
260626_CB_O2_S3,O2,Jetpack Cat
260626_CB_O2_S4,CB,Vendetta
260626_CB_O2_S4,O2,Sigma
260626_ZETA_FLC_S1,ZETA,Lucio
260626_ZETA_FLC_S1,FLC,Sigma
260626_ZETA_FLC_S2,ZETA,Cassidy
260626_ZETA_FLC_S2,FLC,Zarya
260626_ZETA_FLC_S3,ZETA,Reinhardt
260626_ZETA_FLC_S3,FLC,Pharah
260626_SB_ROZE_S1,SB,Reinhardt
260626_SB_ROZE_S1,ROZE,Pharah
260626_SB_ROZE_S2,SB,Sojourn
260626_SB_ROZE_S2,ROZE,Ramattra
260626_SB_ROZE_S3,SB,Juno
260626_SB_ROZE_S3,ROZE,Bastion
260626_SB_ROZE_S4,SB,Shion
260626_SB_ROZE_S4,ROZE,Jetpack Cat
260627_PF_T1_S1,PF,Jetpack Cat
260627_PF_T1_S1,T1,Ramattra
260627_PF_T1_S2,PF,Reaper
260627_PF_T1_S2,T1,Juno
260627_PF_T1_S3,PF,Bastion
260627_PF_T1_S3,T1,Doomfist
260627_CB_FLC_S1,CB,Lucio
260627_CB_FLC_S1,FLC,Wrecking Ball
260627_CB_FLC_S2,CB,Vendetta
260627_CB_FLC_S2,FLC,Illari
260627_CB_FLC_S3,CB,Mizuki
260627_CB_FLC_S3,FLC,Reinhardt
260627_SB_CR_S1,SB,Mauga
260627_SB_CR_S1,CR,Moira
260627_SB_CR_S2,SB,Shion
260627_SB_CR_S2,CR,Orisa
260627_SB_CR_S3,SB,Juno
260627_SB_CR_S3,CR,Wrecking Ball
260628_O2_PF_S1,O2,Hazard
260628_O2_PF_S1,PF,Reaper
260628_O2_PF_S2,O2,Juno
260628_O2_PF_S2,PF,Shion
260628_O2_PF_S3,O2,Mercy
260628_O2_PF_S3,PF,Bastion
260628_O2_PF_S4,O2,Reinhardt
260628_O2_PF_S4,PF,Pharah
260628_ROZE_T1_S1,ROZE,Orisa
260628_ROZE_T1_S1,T1,Lifeweaver
260628_ROZE_T1_S2,ROZE,Sojourn
260628_ROZE_T1_S2,T1,Brigitte
260628_ROZE_T1_S3,ROZE,Kiriko
260628_ROZE_T1_S3,T1,Shion
260628_CR_ZETA_S1,CR,Jetpack Cat
260628_CR_ZETA_S1,ZETA,Sigma
260628_CR_ZETA_S2,CR,Bastion
260628_CR_ZETA_S2,ZETA,Mizuki
260628_CR_ZETA_S3,CR,Vendetta
260628_CR_ZETA_S3,ZETA,Reinhardt
260628_CR_ZETA_S4,CR,Mauga
260628_CR_ZETA_S4,ZETA,Kiriko
260628_CR_ZETA_S5,CR,Shion
260628_CR_ZETA_S5,ZETA,Lucio
260703_O2_ROZE_S1,O2,Vendetta
260703_O2_ROZE_S1,ROZE,Orisa
260703_O2_ROZE_S2,O2,Mauga
260703_O2_ROZE_S2,ROZE,Pharah
260703_O2_ROZE_S3,O2,Ramattra
260703_O2_ROZE_S3,ROZE,Sojourn
260703_CR_FLC_S1,CR,Genji
260703_CR_FLC_S1,FLC,Sigma
260703_CR_FLC_S2,CR,Reinhardt
260703_CR_FLC_S2,FLC,Pharah
260703_CR_FLC_S3,CR,Symmetra
260703_CR_FLC_S3,FLC,Domina
260703_CR_FLC_S4,CR,Jetpack Cat
260703_CR_FLC_S4,FLC,Bastion
260703_ZETA_T1_S1,ZETA,Lucio
260703_ZETA_T1_S1,T1,Bastion
260703_ZETA_T1_S2,ZETA,Vendetta
260703_ZETA_T1_S2,T1,Jetpack Cat
260703_ZETA_T1_S3,ZETA,Sojourn
260703_ZETA_T1_S3,T1,Ana
260704_CB_SB_S1,CB,Sigma
260704_CB_SB_S1,SB,Bastion
260704_CB_SB_S2,CB,Mizuki
260704_CB_SB_S2,SB,Shion
260704_CB_SB_S3,CB,Cassidy
260704_CB_SB_S3,SB,Zarya
260704_CR_T1_S1,CR,Roadhog
260704_CR_T1_S1,T1,Jetpack Cat
260704_CR_T1_S2,CR,Illari
260704_CR_T1_S2,T1,Sierra
260704_CR_T1_S3,CR,Vendetta
260704_CR_T1_S3,T1,D.Va
260704_CR_T1_S4,CR,Bastion
260704_CR_T1_S4,T1,Mauga
260704_ZETA_FLC_S1,ZETA,D.Va
260704_ZETA_FLC_S1,FLC,Bastion
260704_ZETA_FLC_S2,ZETA,Reinhardt
260704_ZETA_FLC_S2,FLC,Mizuki
260704_ZETA_FLC_S3,ZETA,Symmetra
260704_ZETA_FLC_S3,FLC,Zarya
260704_ZETA_FLC_S4,ZETA,Sigma
260704_ZETA_FLC_S4,FLC,Jetpack Cat
260704_ZETA_FLC_S5,ZETA,Lucio
260704_ZETA_FLC_S5,FLC,D.Va
260705_O2_CB_S1,O2,D.Va
260705_O2_CB_S1,CB,Lucio
260705_O2_CB_S2,O2,Mauga
260705_O2_CB_S2,CB,Mizuki
260705_O2_CB_S3,O2,Sojourn
260705_O2_CB_S3,CB,Mauga
260705_O2_CB_S4,O2,Bastion
260705_O2_CB_S4,CB,Ana
260705_CR_ZETA_S1,CR,Roadhog
260705_CR_ZETA_S1,ZETA,Mei
260705_CR_ZETA_S2,CR,Mauga
260705_CR_ZETA_S2,ZETA,Symmetra
260705_CR_ZETA_S3,CR,Illari
260705_CR_ZETA_S3,ZETA,Sigma
260705_CR_ZETA_S4,CR,Zenyatta
260705_CR_ZETA_S4,ZETA,Roadhog
260705_T1_FLC_S1,T1,D.Va
260705_T1_FLC_S1,FLC,Ana
260705_T1_FLC_S2,T1,Symmetra
260705_T1_FLC_S2,FLC,Zarya
260705_T1_FLC_S3,T1,Lucio
260705_T1_FLC_S3,FLC,Vendetta
260710_FLC_ROZE_S1,FLC,Hazard
260710_FLC_ROZE_S1,ROZE,Reaper
260710_FLC_ROZE_S2,FLC,Lifeweaver
260710_FLC_ROZE_S2,ROZE,Tracer
260710_FLC_ROZE_S3,FLC,Zarya
260710_FLC_ROZE_S3,ROZE,Juno
260710_FLC_ROZE_S4,FLC,Mauga
260710_FLC_ROZE_S4,ROZE,Pharah
260710_FLC_ROZE_S5,FLC,Moira
260710_FLC_ROZE_S5,ROZE,Symmetra
260710_FLC_ROZE_S6,FLC,Vendetta
260710_FLC_ROZE_S6,ROZE,Sigma
260710_ZETA_O2_S1,ZETA,Vendetta
260710_ZETA_O2_S1,O2,Jetpack Cat
260710_ZETA_O2_S2,ZETA,Lucio
260710_ZETA_O2_S2,O2,D.Va
260710_ZETA_O2_S3,ZETA,Mizuki
260710_ZETA_O2_S3,O2,Sigma
260710_ZETA_O2_S4,ZETA,Kiriko
260710_ZETA_O2_S4,O2,Reinhardt
260711_CR_ROZE_S1,CR,Mauga
260711_CR_ROZE_S1,ROZE,Reaper
260711_CR_ROZE_S2,CR,Kiriko
260711_CR_ROZE_S2,ROZE,Cassidy
260711_CR_ROZE_S3,CR,Lucio
260711_CR_ROZE_S3,ROZE,Symmetra
260711_CR_ROZE_S4,CR,Reinhardt
260711_CR_ROZE_S4,ROZE,Jetpack Cat
260711_CR_ROZE_S5,CR,Vendetta
260711_CR_ROZE_S5,ROZE,Sigma
260711_T1_ZETA_S1,T1,Jetpack Cat
260711_T1_ZETA_S1,ZETA,Sombra
260711_T1_ZETA_S2,T1,Illari
260711_T1_ZETA_S2,ZETA,Sigma
260711_T1_ZETA_S3,T1,Bastion
260711_T1_ZETA_S3,ZETA,Wrecking Ball
260711_T1_ZETA_S4,T1,D.Va
260711_T1_ZETA_S4,ZETA,Lucio
260711_T1_ZETA_S5,T1,Sigma
260711_T1_ZETA_S5,ZETA,Kiriko
260712_ROZE_T1_S1,ROZE,Mauga
260712_ROZE_T1_S1,T1,Lucio
260712_ROZE_T1_S2,ROZE,Sigma
260712_ROZE_T1_S2,T1,Kiriko
260712_ROZE_T1_S3,ROZE,Orisa
260712_ROZE_T1_S3,T1,Shion
260712_ROZE_T1_S4,ROZE,Sojourn
260712_ROZE_T1_S4,T1,Jetpack Cat
260712_ROZE_T1_S5,ROZE,Symmetra
260712_ROZE_T1_S5,T1,Mauga
260712_CR_ZETA_S1,CR,Zenyatta
260712_CR_ZETA_S1,ZETA,Sojourn
260712_CR_ZETA_S2,CR,Anran
260712_CR_ZETA_S2,ZETA,Wuyang
260712_CR_ZETA_S3,CR,Mauga
260712_CR_ZETA_S3,ZETA,Kiriko
260712_CR_ZETA_S4,CR,Roadhog
260712_CR_ZETA_S4,ZETA,Juno
260712_CR_ZETA_S5,CR,Vendetta
260712_CR_ZETA_S5,ZETA,Mizuki
260712_CR_ZETA_S6,CR,Domina
260712_CR_ZETA_S6,ZETA,Mei
