team_id,player_id,roster_position,detailed_position,playtime_minutes,eliminations_per10,deaths_per10,assists_per10,damage_per10,healing_per10,mitigated_per10,eligible_30min
O2,FATE,TANK,,179.5,19.4428969359,6.6852367688,11.8662952646,12272.0334262,2859.66573816,7175.82172702,TRUE
O2,SEUNGAN,TANK,,227.733333333,15.1492974239,6.01580796253,4.87412177986,10096.2822014,748.287470726,15766.0714286,TRUE
O2,WUTIAN,DPS,FLEX DPS,407.233333333,15.8140296308,6.92477695015,1.37513301138,8545.78865515,897.004174511,740.288123107,TRUE
O2,PERR,DPS,MAIN DPS,407.233333333,16.3788164034,6.80199721699,2.0135876238,9241.38495539,109.86330523,455.291806499,TRUE
O2,FAITH,SPT,MAIN SPT,407.233333333,12.3025292625,5.81975935172,12.1551935827,3906.72832938,7468.6666121,936.023573709,TRUE
O2,MISIN,SPT,FLEX SPT,271.733333333,10.5250245339,7.83856722277,14.131501472,4183.66045142,11075.7850834,66.4254170756,TRUE
O2,GAMJUNG,SPT,FLEX SPT,135.5,11.0701107011,5.75645756458,18.6715867159,4941.25461255,13104.6494465,0,TRUE
ROZE,VOID,TANK,,111.566666667,13.0863459815,5.55721541679,4.21272781595,8997.57992232,742.874215716,14112.907081,TRUE
ROZE,HEISER,TANK,,408.466666667,17.6268973396,6.36526848376,8.91137587726,11019.9445079,1946.0339481,10287.106251,TRUE
ROZE,BECKY,DPS,FLEX DPS,520.033333333,16.6143195949,6.92263316454,2.90366002179,8623.5433626,714.819562849,2223.43439523,TRUE
ROZE,KILO,DPS,MAIN DPS,209.733333333,14.8283534647,7.29497774952,0.905912269549,9913.54100445,60.2193261284,326.509853783,TRUE
ROZE,PROBE,DPS,MAIN DPS,310.3,19.1427650661,6.31646793426,1.93361263294,11125.6525943,96.1005478569,426.071543667,TRUE
ROZE,OPENER,SPT,MAIN SPT,520.033333333,11.9030831357,6.48035382347,12.9799371835,3796.58355234,7904.53176078,1379.54618294,TRUE
ROZE,IRONY,SPT,FLEX SPT,520.033333333,10.9031472342,5.63425421447,17.1719761554,4240.18973143,12518.3321582,107.454650343,TRUE
CB,FARMER,TANK,,106.3,15.3339604892,6.02069614299,8.27845719661,9483.91345249,2979.30385701,5071.30761994,TRUE
CB,GUR3UM,TANK,,229.283333333,15.9191684233,6.06236824889,6.67296648979,11512.6553754,1442.18943084,14897.6811805,TRUE
CB,ARGON,DPS,FLEX DPS,335.583333333,16.0317854482,5.84057611125,1.9965234666,8864.89197914,1160.87409983,1550.73255525,TRUE
CB,M1NUT2,DPS,MAIN DPS,335.583333333,15.6146014403,6.88353613111,1.132356593,10029.7591259,95.6543332506,598.95703998,TRUE
CB,TENTEN,SPT,MAIN SPT,335.583333333,12.6347156692,5.24459895704,12.2175316613,4652.82344177,8699.24012913,921.648870127,TRUE
CB,WOOCHAN,SPT,FLEX SPT,335.583333333,8.93965731314,5.33399553017,16.1807797368,4344.58405761,11857.8594487,95.4755401043,TRUE
PF,FEARFUL,TANK,,241.85,12.1562952243,6.86375852801,4.83770932396,9171.26317966,1567.25242919,9644.15960306,TRUE
PF,HYEON,TANK,,5.78333333333,10.3746397695,13.8328530259,5.18731988473,8277.23342939,1706.62824207,5118.1556196,FALSE
PF,D0D0,DPS,FLEX DPS,247.633333333,12.2358325481,7.22842912909,1.25185085476,7020.74303406,374.14187643,1508.52066227,TRUE
PF,K4NE,DPS,MAIN DPS,247.633333333,14.699151972,6.17848970252,0.484587427648,10503.5940234,30.8924485126,238.982366402,TRUE
PF,SP1NEL,SPT,MAIN SPT,247.633333333,8.76295598331,6.05734284561,11.3878045497,3702.81329923,7044.32628887,1414.02611388,TRUE
PF,CARU,SPT,FLEX SPT,247.633333333,6.13810741688,6.3804011307,13.810741688,2804.38820837,11238.7535334,0,TRUE
ZETA,MEALGARU,TANK,,69.8166666667,19.1931248508,4.01050370017,8.02100740033,9299.92838386,1889.80663643,5555.26378611,TRUE
ZETA,BERNAR,TANK,,599.766666667,25.4098816206,6.10237314511,12.771633413,11331.6901017,1728.27210582,10542.6999389,TRUE
ZETA,PROPER,DPS,FLEX DPS,669.583333333,23.8506533914,5.91412570006,2.80771624144,10425.9614188,410.658369633,875.663970131,TRUE
ZETA,KNIFE,DPS,MAIN DPS,669.583333333,22.7902924704,7.01929060361,1.61294337274,10331.0068451,621.311761045,748.928438083,TRUE
ZETA,VIOL2T,SPT,MAIN SPT,669.583333333,19.6988176727,6.10827629123,17.9514623522,5249.83198507,8565.04293715,658.394523958,TRUE
ZETA,SHU,SPT,FLEX SPT,669.583333333,13.4859987554,6.30242688239,23.4623522091,4582.87990044,10745.7423771,312.806471686,TRUE
CR,JUNBIN,TANK,,57.4333333333,23.505513639,4.7011027278,10.2727800348,10193.5577481,2193.15147998,5726.81369704,TRUE
CR,MAX,TANK,,518.016666667,24.1304977317,4.82609954635,11.0614201602,11580.2837747,1278.7040314,13906.1355812,TRUE
CR,HEESANG,DPS,FLEX DPS,514.3,22.8465875948,6.02761034416,3.65545401517,9721.34940696,832.296325102,1957.65117636,TRUE
CR,LIP,DPS,MAIN DPS,176.583333333,23.161868806,5.54978763568,2.43511090137,11010.3256253,134.100991034,271.429919773,TRUE
CR,STALK3R,DPS,MAIN DPS,460.016666667,23.0209050397,6.47802615847,2.28252599543,10347.1685808,206.470780044,936.183471613,TRUE
CR,CH0R0NG,SPT,MAIN SPT,575.45,19.4977843427,5.73464245373,20.3492918585,5137.42288644,8181.42323399,1431.52315579,TRUE
CR,VIGILANTE,SPT,FLEX SPT,575.45,14.7015379268,5.00477886871,23.7379442176,4605.73464245,12174.663307,46.1204274915,TRUE
T1,DONGHAK,TANK,,337.45,23.4108756853,5.71936583198,13.068602756,11244.4510298,2521.23277523,7254.23025633,TRUE
T1,JASM1NE,TANK,,183.65,19.7114075687,4.79172338688,5.22733460387,10860.0054451,578.70950177,13877.6476994,TRUE
T1,ZEST,DPS,FLEX DPS,521.1,21.4354250624,6.04490500864,2.8209556707,8957.033199,624.102859336,939.359048167,TRUE
T1,PROUD,DPS,MAIN DPS,521.1,22.2797927461,6.50546919977,1.68873536749,10921.5889465,61.4469391671,541.872961044,TRUE
T1,FLETA,SPT,FLEX SPT,6.63333333333,16.5829145729,4.52261306533,33.1658291457,2217.5879397,9031.65829146,0,FALSE
T1,BLISS,SPT,MAIN SPT,514.466666667,16.9690294156,5.38421666451,19.1071659971,4011.43579111,7966.85240378,1141.41505766,TRUE
T1,SKEWED,SPT,FLEX SPT,521.1,14.1047783535,5.35405872193,21.5121857609,4868.33621186,11081.4047208,131.491076569,TRUE
FLC,SOMEONE,TANK,,238.85,19.0914800084,5.19154280929,3.93552438769,11580.8247854,408.415323425,18085.7860582,TRUE
FLC,HANBIN,TANK,,214.35,22.2066713319,5.83158385818,14.6022859809,10628.7846979,2839.88803359,10513.2260322,TRUE
FLC,SP1NT,DPS,FLEX DPS,348.966666667,19.056261343,6.93475976693,2.14920240711,9585.32811157,335.56213583,668.000764161,TRUE
FLC,CHECKMATE,DPS,FLEX DPS,309.45,17.8704152529,6.78623364033,3.65164000646,8641.07287122,883.858458556,3489.73986104,TRUE
FLC,MER1T,DPS,MAIN DPS,247.983333333,20.3239465018,6.53269708986,1.49203575509,11728.8527455,159.002621144,686.699374958,TRUE
FLC,CHIYO,SPT,MAIN SPT,453.2,14.894086496,5.58252427184,15.2471315093,4368.11562224,9519.94704325,874.382171227,TRUE
FLC,FIELDER,SPT,FLEX SPT,453.2,12.1138570168,6.15622241836,20.8296557811,4500.48543689,11610.0617829,428.927625772,TRUE
SB,SENTIER,TANK,,160.4,16.2094763092,5.36159600998,5.92269326683,11554.6134663,1411.84538653,12817.5810474,TRUE
SB,HOMERUNBALL,TANK,,156.316666667,11.6430323062,6.141379678,3.26260795394,9678.55848171,598.400682376,15478.3878878,TRUE
SB,AZENT,DPS,FLEX DPS,239.366666667,15.1232418883,7.06029800863,2.54839158892,8401.25330734,766.230330038,1186.54783456,TRUE
SB,SORI,DPS,MAIN DPS,316.716666667,13.3557859285,7.8934905015,0.757775088144,8601.25243383,80.5136031153,333.294742935,TRUE
SB,SOAE,SPT,MAIN SPT,283.566666667,10.7205830493,6.45350887504,10.579522746,4732.22052427,6885.82343952,1794.6044434,TRUE
SB,DUMBBELL,SPT,MAIN SPT,110.5,6.33484162896,6.15384615385,8.9592760181,3738.37104072,8168.86877828,1308.68778281,TRUE
SB,UNIV2R,SPT,FLEX SPT,316.716666667,8.08293427354,6.63053202126,13.8609693206,3757.01731306,11497.3109509,132.421196653,TRUE
