team_id,player_id,roster_position,detailed_position,total_eliminations,total_deaths,total_assists,total_damage,total_healing,total_mitigated,elim_death_ratio,playtime_seconds,playtime_minutes
O2,FATE,TANK,,349,120,213,220283,51331,128806,2.90833333333,10770,179.5
O2,SEUNGAN,TANK,,345,137,111,229926,17041,359046,2.51824817518,13664,227.733333333
O2,WUTIAN,DPS,FLEX DPS,644,282,56,348013,36529,30147,2.28368794326,24434,407.233333333
O2,PERR,DPS,MAIN DPS,667,277,82,376340,4474,18541,2.40794223827,24434,407.233333333
O2,FAITH,SPT,MAIN SPT,501,237,495,159095,304149,38118,2.11392405063,24434,407.233333333
O2,MISIN,SPT,FLEX SPT,286,213,384,113684,300966,1805,1.34272300469,16304,271.733333333
O2,GAMJUNG,SPT,FLEX SPT,150,78,253,66954,177568,0,1.92307692308,8130,135.5
ROZE,VOID,TANK,,146,62,47,100383,8288,157453,2.35483870968,6694,111.566666667
ROZE,HEISER,TANK,,720,260,364,450128,79489,420194,2.76923076923,24508,408.466666667
ROZE,BECKY,DPS,FLEX DPS,864,360,151,448453,37173,115626,2.4,31202,520.033333333
ROZE,KILO,DPS,MAIN DPS,311,153,19,207920,1263,6848,2.03267973856,12584,209.733333333
ROZE,PROBE,DPS,MAIN DPS,594,196,60,345229,2982,13221,3.0306122449,18618,310.3
ROZE,OPENER,SPT,MAIN SPT,619,337,675,197435,411062,71741,1.83679525223,31202,520.033333333
ROZE,IRONY,SPT,FLEX SPT,567,293,893,220504,650995,5588,1.93515358362,31202,520.033333333
CB,FARMER,TANK,,163,64,88,100814,31670,53908,2.546875,6378,106.3
CB,GUR3UM,TANK,,365,139,153,263966,33067,341579,2.62589928058,13757,229.283333333
CB,ARGON,DPS,FLEX DPS,538,196,67,297491,38957,52040,2.74489795918,20135,335.583333333
CB,M1NUT2,DPS,MAIN DPS,524,231,38,336582,3210,20100,2.2683982684,20135,335.583333333
CB,TENTEN,SPT,MAIN SPT,424,176,410,156141,291932,30929,2.40909090909,20135,335.583333333
CB,WOOCHAN,SPT,FLEX SPT,300,179,543,145797,397930,3204,1.67597765363,20135,335.583333333
PF,FEARFUL,TANK,,294,166,117,221807,37904,233244,1.77108433735,14511,241.85
PF,HYEON,TANK,,6,8,3,4787,987,2960,0.75,347,5.78333333333
PF,D0D0,DPS,FLEX DPS,303,179,31,173857,9265,37356,1.69273743017,14858,247.633333333
PF,K4NE,DPS,MAIN DPS,364,153,12,260104,765,5918,2.37908496732,14858,247.633333333
PF,SP1NEL,SPT,MAIN SPT,217,150,282,91694,174441,35016,1.44666666667,14858,247.633333333
PF,CARU,SPT,FLEX SPT,152,158,342,69446,278309,0,0.962025316456,14858,247.633333333
ZETA,MEALGARU,TANK,,134,28,56,64929,13194,38785,4.78571428571,4189,69.8166666667
ZETA,BERNAR,TANK,,1524,366,766,679637,103656,632316,4.16393442623,35986,599.766666667
ZETA,PROPER,DPS,FLEX DPS,1597,396,188,698105,27497,58633,4.03282828283,40175,669.583333333
ZETA,KNIFE,DPS,MAIN DPS,1526,470,108,691747,41602,50147,3.24680851064,40175,669.583333333
ZETA,VIOL2T,SPT,MAIN SPT,1319,409,1202,351520,573501,44085,3.22493887531,40175,669.583333333
ZETA,SHU,SPT,FLEX SPT,903,422,1571,306862,719517,20945,2.13981042654,40175,669.583333333
CR,JUNBIN,TANK,,135,27,59,58545,12596,32891,5,3446,57.4333333333
CR,MAX,TANK,,1250,250,573,599878,66239,720361,5,31081,518.016666667
CR,HEESANG,DPS,FLEX DPS,1175,310,188,499969,42805,100682,3.79032258065,30858,514.3
CR,LIP,DPS,MAIN DPS,409,98,43,194424,2368,4793,4.17346938776,10595,176.583333333
CR,STALK3R,DPS,MAIN DPS,1059,298,105,475987,9498,43066,3.55369127517,27601,460.016666667
CR,CH0R0NG,SPT,MAIN SPT,1122,330,1171,295633,470800,82377,3.4,34527,575.45
CR,VIGILANTE,SPT,FLEX SPT,846,288,1366,265037,700591,2654,2.9375,34527,575.45
T1,DONGHAK,TANK,,790,193,441,379444,85079,244794,4.0932642487,20247,337.45
T1,JASM1NE,TANK,,362,88,96,199444,10628,254863,4.11363636364,11019,183.65
T1,ZEST,DPS,FLEX DPS,1117,315,147,466751,32522,48950,3.54603174603,31266,521.1
T1,PROUD,DPS,MAIN DPS,1161,339,88,569124,3202,28237,3.42477876106,31266,521.1
T1,FLETA,SPT,FLEX SPT,11,3,22,1471,5991,0,3.66666666667,398,6.63333333333
T1,BLISS,SPT,MAIN SPT,873,277,983,206375,409868,58722,3.15162454874,30868,514.466666667
T1,SKEWED,SPT,FLEX SPT,735,279,1121,253689,577452,6852,2.63440860215,31266,521.1
FLC,SOMEONE,TANK,,456,124,94,276608,9755,431979,3.67741935484,14331,238.85
FLC,HANBIN,TANK,,476,125,313,227828,60873,225351,3.808,12861,214.35
FLC,SP1NT,DPS,FLEX DPS,665,242,75,334496,11710,23311,2.7479338843,20938,348.966666667
FLC,CHECKMATE,DPS,FLEX DPS,553,210,113,267398,27351,107990,2.63333333333,18567,309.45
FLC,MER1T,DPS,MAIN DPS,504,162,37,290856,3943,17029,3.11111111111,14879,247.983333333
FLC,CHIYO,SPT,MAIN SPT,675,253,691,197963,431444,39627,2.66798418972,27192,453.2
FLC,FIELDER,SPT,FLEX SPT,549,279,944,203962,526168,19439,1.96774193548,27192,453.2
SB,SENTIER,TANK,,260,86,95,185336,22646,205594,3.02325581395,9624,160.4
SB,HOMERUNBALL,TANK,,182,96,51,151292,9354,241953,1.89583333333,9379,156.316666667
SB,AZENT,DPS,FLEX DPS,362,169,61,201098,18341,28402,2.14201183432,14362,239.366666667
SB,SORI,DPS,MAIN DPS,423,250,24,272416,2550,10556,1.692,19003,316.716666667
SB,SOAE,SPT,MAIN SPT,304,183,300,134190,195259,50889,1.66120218579,17014,283.566666667
SB,DUMBBELL,SPT,MAIN SPT,70,68,99,41309,90266,14461,1.02941176471,6630,110.5
SB,UNIV2R,SPT,FLEX SPT,256,210,439,118991,364139,4194,1.21904761905,19003,316.716666667
