player_id,team_id,roster_position,detailed_position
FATE,O2,TANK,
SEUNGAN,O2,TANK,
WUTIAN,O2,DPS,FLEX DPS
PERR,O2,DPS,MAIN DPS
FAITH,O2,SPT,MAIN SPT
MISIN,O2,SPT,FLEX SPT
GAMJUNG,O2,SPT,FLEX SPT
VOID,ROZE,TANK,
HEISER,ROZE,TANK,
BECKY,ROZE,DPS,FLEX DPS
KILO,ROZE,DPS,MAIN DPS
PROBE,ROZE,DPS,MAIN DPS
OPENER,ROZE,SPT,MAIN SPT
IRONY,ROZE,SPT,FLEX SPT
FARMER,CB,TANK,
GUR3UM,CB,TANK,
ARGON,CB,DPS,FLEX DPS
M1NUT2,CB,DPS,MAIN DPS
TENTEN,CB,SPT,MAIN SPT
WOOCHAN,CB,SPT,FLEX SPT
FEARFUL,PF,TANK,
HYEON,PF,TANK,
D0D0,PF,DPS,FLEX DPS
K4NE,PF,DPS,MAIN DPS
SP1NEL,PF,SPT,MAIN SPT
CARU,PF,SPT,FLEX SPT
MEALGARU,ZETA,TANK,
BERNAR,ZETA,TANK,
PROPER,ZETA,DPS,FLEX DPS
KNIFE,ZETA,DPS,MAIN DPS
VIOL2T,ZETA,SPT,MAIN SPT
SHU,ZETA,SPT,FLEX SPT
JUNBIN,CR,TANK,
MAX,CR,TANK,
HEESANG,CR,DPS,FLEX DPS
LIP,CR,DPS,MAIN DPS
STALK3R,CR,DPS,MAIN DPS
CH0R0NG,CR,SPT,MAIN SPT
VIGILANTE,CR,SPT,FLEX SPT
DONGHAK,T1,TANK,
JASM1NE,T1,TANK,
ZEST,T1,DPS,FLEX DPS
PROUD,T1,DPS,MAIN DPS
FLETA,T1,SPT,FLEX SPT
BLISS,T1,SPT,MAIN SPT
SKEWED,T1,SPT,FLEX SPT
SOMEONE,FLC,TANK,
HANBIN,FLC,TANK,
SP1NT,FLC,DPS,FLEX DPS
CHECKMATE,FLC,DPS,FLEX DPS
MER1T,FLC,DPS,MAIN DPS
CHIYO,FLC,SPT,MAIN SPT
FIELDER,FLC,SPT,FLEX SPT
SENTIER,SB,TANK,
HOMERUNBALL,SB,TANK,
AZENT,SB,DPS,FLEX DPS
SORI,SB,DPS,MAIN DPS
SOAE,SB,SPT,MAIN SPT
DUMBBELL,SB,SPT,MAIN SPT
UNIV2R,SB,SPT,FLEX SPT
