date,match,player_id,position
26/6/5,O2_ROZE,WUTIAN,DPS
26/6/5,FLC_CR,MAX,TANK
26/6/5,T1_ZETA,PROUD,DPS
26/6/6,PF_CB,M1NUT2,DPS
26/6/6,T1_SB,PROUD,DPS
26/6/6,ROZE_FLC,SP1NT,DPS
26/6/7,SB_O2,PERR,DPS
26/6/7,ZETA_CB,VIOL2T,SPT
26/6/7,CR_PF,MAX,TANK
26/6/12,CB_SB,GUR3UM,TANK
26/6/12,O2_ZETA,PROPER,DPS
26/6/12,CR_ROZE,LIP,DPS
26/6/13,PF_FLC,SP1NT,DPS
26/6/13,T1_O2,PROUD,DPS
26/6/13,SB_ZETA,PROPER,DPS
26/6/14,ROZE_PF,KILO,DPS
26/6/14,CR_CB,MAX,TANK
26/6/14,FLC_T1,SP1NT,DPS
26/6/19,ROZE_CB,KILO,DPS
26/6/19,FLC_O2,SP1NT,DPS
26/6/19,T1_CR,STALK3R,DPS
26/6/20,PF_SB,SENTIER,TANK
26/6/20,ZETA_ROZE,PROPER,DPS
26/6/20,CB_T1,PROUD,DPS
26/6/21,FLC_SB,MER1T,DPS
26/6/21,O2_CR,LIP,DPS
26/6/21,ZETA_PF,PROPER,DPS
26/6/26,CB_O2,GAMJUNG,SPT
26/6/26,ZETA_FLC,VIOL2T,SPT
26/6/26,SB_ROZE,BECKY,DPS
26/6/27,PF_T1,JASM1NE,TANK
26/6/27,CB_FLC,CHIYO,SPT
26/6/27,SB_CR,STALK3R,DPS
26/6/28,O2_PF,PERR,DPS
26/6/28,ROZE_T1,DONGHAK,TANK
26/6/28,CR_ZETA,BERNAR,TANK
26/7/3,O2_ROZE,IRONY,SPT
26/7/3,CR_FLC,HEESANG,DPS
26/7/3,ZETA_T1,ZEST,DPS
26/7/4,CB_SB,M1NUT2,DPS
26/7/4,CR_T1,HEESANG,DPS
26/7/4,ZETA_FLC,VIOL2T,SPT
26/7/5,O2_CB,FATE,TANK
26/7/5,CR_ZETA,CH0R0NG,SPT
26/7/5,T1_FLC,BLISS,SPT
26/7/10,FLC_ROZE,BECKY,DPS
26/7/10,ZETA_O2,VIOL2T,SPT
26/7/11,CR_ROZE,HEESANG,DPS
26/7/11,T1_ZETA,KNIFE,DPS
26/7/12,ROZE_T1,DONGHAK,TANK
26/7/12,CR_ZETA,PROPER,DPS
